,District,October 2024 Probability,October 2024 Tercile,November 2024 Probability,November 2024 Tercile,December 2024 Probability,December 2024 Tercile,January 2025 Probability,January 2025 Tercile,February 2025 Probability,February 2025 Tercile
0,Daulo District,40.256360786868846,Above Normal,44.23890175913126,Above Normal,41.02800992107171,Above Normal,36.960428025971055,Below Normal,35.89285977328581,Above Normal
1,Goroka District,39.80433200374048,Above Normal,44.009129143378665,Above Normal,41.70151890217264,Above Normal,37.06779245873534,Below Normal,35.50359622128679,
2,Henganofi District,40.890746250156454,Above Normal,45.635229704114,Above Normal,42.92834803596621,Above Normal,35.86054328514588,Below Normal,35.36039991264437,
3,Kainanatu District,38.20402605391871,Above Normal,46.14399023859717,Above Normal,43.782450873256074,Above Normal,35.076340393973055,Above Normal,34.31875102503323,Normal
4,Lufa District,54.25066392301216,Above Normal,47.99070996043953,Above Normal,43.06839971739129,Above Normal,38.4890119225742,,36.63252111417553,Above Normal
5,Obura/Wonenara District,49.05273681412488,Above Normal,51.56761818953193,Above Normal,38.98905241052521,Above Normal,36.47596820151839,Above Normal,36.14036928528142,Below Normal
6,Okapa District,52.2395474446517,Above Normal,48.89293356933983,Above Normal,41.82822424794327,Above Normal,37.358264912076336,,35.13447642103134,Normal
7,Unggai/Benna District,42.09646100648911,Above Normal,44.77838765284986,Above Normal,42.20743340221437,Above Normal,37.100715682481024,Below Normal,35.59127182626904,
